,리뷰
0,"출시전부터 엄청 궁금해서 라이브 하기전에 일어나자마자 아침에 주문해서 당일에 받았어요 칼배송 개꿀😏

하이라이터는 2개 다 갖고싶어서 단품으로 하나 더 샀고 봄웜톤이라 블러셔는 피치피즈로 구매했어요. 오늘 아침 출근 메이크업할때 바로 개시했구요. 윈터픽이라더니 여리여리한 피치 컬러인데 너무 예뻐요🤭 한쪽은 베이스&포인트 컬러로 된 파우더, 오른쪽은 쉬머 젤리 제형이고 젤리 제형인데도 나름 밑색 잘 올라오면서 발색돼요. 증정용 브러쉬로 얼굴에 얹으면 좀 발색 약하긴하구요. 파우더쪽은 다 좋은데 배색이 애매하게 되있어서 양쪽 볼에 동일하게 바르게 좀 힘든거같아요ㅠ 섞기 나름인데 아예 베이스랑 포인트 반반 있으면 어땠을지.. 그리고 가루날림은 좀 심해요 ㅎㅎ,,

세트로 구매한 하이라이터는 씨쉘인데 역시 웜톤이 데일리로 바르기 너무 좋은거같아요. 너무 골드빛 돌면 어쩌나 고민했는데 노란빛 거의 안돌고 맑은 샴페인 컬러고요. 로즈 컬러가 마블로 섞여있어서 플래쉬 터뜨리니 묘하게 핑크펄도 살짝 보이네요. 얼굴에 얹으니 조명 아래에선 은은하게 반짝이니 좋고 일반 형광등 아래에서(사무실 같이...) 엄청 자연스럽게 한듯안한듯하게 보여요. 그래도 아워글래스 인캔디센트같은 하라보다는 좀 더 존재감 있어요. 디올 팔레트 같은 하라보다는 덜 화려하고요. 이러나저러나 데일리로 사용하기 넘 좋긴 할거같아요!"
1,"에스쁘아 제품력 좋다고 생각해서 일단 구매했어요.
아직 얼굴발색을 못해서 정확한 색감은 모르겠으나 일단 하이라이터 당장 써보고싶어짐. 투명한광? 너무알겠다.. 씨쉘이 걍 너무 이뻐버리세요. 챠르르한 광의 핑크 하이라이터 가지고싶어서 핑크마린도 샀는데 핑크인데? 약간 보라빛도 살짝 도는거같아보이고 그러네여. 쿨톤 찰떡일듯. 과하지않게 적당히 촉촉해서 얼굴에 얼마나 잘 올라갈지 기대됨..
치크같은 경우 하나만 사려다가 하이라이터 2개 사는김에 피치피즈랑 로제트 둘다 산건데, 생각보다 젤리제형이 쉬머한듯. 매트제형 중 포인트컬러가 생각보다 면적이 적어서 보통은 호다닥 섞어서 바르게 될 것 같음. 피치피즈의 경우는 매트제형 중 베이스 컬러가 좀 엥스러웠달까 섞어 쓰기 좋을수있지만 단독은 좀 손이 자주 갈 색은 아닌거같아요. 로제트는 잘쓰는 컬러군이긴한데, 제형이 참 좋은데 펄감이 익숙하지않아서 젤리제형은 좀 적응이 필요할듯. 제 기준 치크보다 아이제품에서 익숙한 펄감따리 호호..그래도 요리조리 조합하기 참 좋을듯.
(패키지 군더더기없어서 좋음. 근데 하이라이터하나만 조금 삐걱거려서 아숩...)"
2,"❤️
사진 속 블러셔와 하라 다 에스쁘아 제품ㅇㅇ
솔직히. 블러셔는. 그냥 그랬음.
치크광인이라 블러셔에 기대 267263818만큼 했는데 뭐랄까 미묘하게 좀 아쉬웠다.
빠지는 거 하나 없음.
색도 중명도 분홍이라 허옇게 안 뜨고 적당히 차분한 듯 뽀용한 듯 예쁨.
젤리 치크 쪽도 불그스름한 홍조색으로 잘 빠짐.
근데 왜 미묘하게 뭔가 부족하다 싶은 건지... 흠...
동봉된 브러쉬가 맘에 안 들어서 그런가 🤔
브러쉬 질은 믜친 거 아니야? 소리 나올 정도로 좋았으나 커팅이... 쓰읍...
🧡
아무튼 하이라이터는 정말 맘에 들었음.
예상 외로 어마무시하게 이쁘자너ㅋㅋ
광감 도랏슴ㄷㄷ 반사광 미치게 예뻐서 계에ㅔㅔ속 사진 찍음ㅋㅋㅋ
루돌프마냥 미친 발광을 뽐내는 코 끝을 보셈
진 주 그 자 체 (영롱✨️)
광대뼈에도 스윽 쓸어 발랐더니
ㅎF
고개 돌릴 때마다 아름다운 핑크빔이 나를 둘러쌈
(그리고 하라 브러쉬가 아주 부드럽게 피부를 쓸면서 하라 입자를 얇고 곱고 균일하게 싹 도포함. 이넘 진짜 메친넘이고 요물이다. 반드시 여러 개 가져야만.)
💛
하라 색도 적보라색이라 따끈한 느낌으로 나의 노란 피부색과 잘 어우러짐ㅠㅠ 넘예짱예;;
핑크빔 좌아ㅏㅏ앙 쏘는데 부담스럽지 않고 그냥 이쁨 🥹 나 감동 돼
💚
게다가 하라 사면 증정해 준 팬 브러쉬 퀄리티가 미치고 팔짝 뛸 수준으로 좋음.
뭐야? 왜 이래?
에스쁘아 제정신이면 이거 당장 돈 받고 파셈;;;
제발.
나 진심이야.
💙
이번에 같이 온 브러쉬들 전부 완성도 돌아버림...
우리 집 고양이보다 더 부드럽고 고운 털의 집합체라니까 🥺🫶🏻
블러셔 브러쉬도 컷팅만 좀 바꿔서 다시 내 주라...
하라 브러쉬도 꼭 팔아 주라...
이게 비매품이라는 사실을 되새길 때마다 나 눈앞이 깜깜해지고 갓썸을 쥐어뜯으며 울부짖는 늑대가 돼 🥲
제발 팔아 주라..."
3,"윈터 메컵이 너무 예뻐.. 구매 갈겨씀미다.. ㅋㅋ
저는 웜인데 핑크 메컵을 자주 하기도 하고
밝게 만들어서 올리기 때문도 있구 해서
핑크 아이싱 / 핑크 마린 으러 주문 했어요
다른컬러는 너무 노랗게 올라올까봐 ㅠ 그건 싫기두 하구.. 집에 비슷한 컬러도 많구
윈터 핑크 메이크업⍤⃝𓂭 예뻐서 이걸루 구매,,!
카메라가 깨져서 ㅠ 선명하진 않아요 
제일 왼쪽이 하라 / 두번째 세번째가 핑크 아이싱 임니당
피부 톤 밝게 깔구나서 메컵 해보려구요
우선은 어두운 팔에 올리니 예쁜 색감은 안 나와서.ㅎ
발림성은 너무 좋구 
사은품도 보내주셔서 감사함미당 
비싼감이 없지않아 있는데 우선 잘 사용해 보겠슴니당 😝"
4,"톤페어링 피치피즈
하이라이터 씨쉘

결론부터 에메한 색들 하이라이터는. 퀄리티가 너무 떨어진다 



치크가 반은 습식타입  반은 가루타입 
은은한 하이라이터 제형이고 반짝반짝 미세 한펄있어요
치크인데 오히려 은은한 페이스 하이라이트로 써도 될듯하고 내장된 브러쉬로 발색시  습식제형부분 색상은 안올라와요 반짝임만 발색되고
왼쪽색상 부분은 발색됩니다
가루날림. 적고 피치색이 소량만  분포되어서 
흰끼부분이 더 많아서 이건 좀 어중간합니다
핑크빛도 돌기도하고

*개인적으로
피치톤 찾는분이 쓰기에는  베이스색이 너무 많이. 분포되있어서  실제 사용시.다른 피치나 살구색 하나더 있어야할듯 

*이톤도 저톤도 아닌 피부쓰기에는 맞아요
브러쉬는 왼쪽 가루부분 발색시에만 색감올라옵니다
가격대비 조금 아쉬운 제품이네요

**하이라이터 씨쉘***
구운타입인가. 입자 건조합니다
촤르르 흐르는 쉬머제형
퀄리티가 떨어지는 제형이네요
이 하이라이터가 습식제형으로 나왔다면
뭉침있고 뜨기도 하네요 제형 특성상
색상은 아이보리 정도"
5,"와 진짜 처음에 무조건 하이라이터는 핑크마린, 블러셔는 비올레타만 주문하려다가 윈터가 핑크아이싱, 핑크마린으로 메이크업한 거 그리고 다른 후기들에서 씨쉘 극찬이 많아서 못 참고 다 질렀어요....저 원래 샴페인 색은 노란기 많이 도는 웜톤용이라 생각해서 별로 안 끌렸거든요 근디 실제로 받아보니 정말 예쁘게 피부색에 어우러질 수 있는데 화이트-아이보리 였습니다!
블러셔도 제가 겨울쿨톤 다크 베스트라 핑크아이싱이 둥둥 뜰 것 같아서 고민 많았는데 생각보다 흰기가 별로 없어서 저한테도 잘 어울렸어요
게다가 저는 오로라 컬러까지 타플랫폼 체험단으로 당첨돼서 하이라이터 3종을 다 쟁이게 된 사람이 되었습니다... 3개 가지고 싶었지만 최대 2개만 구매할 생각이었던 저에게 정말 큰 행운이 따라준 것 같아요ㅠㅠ
결론은 너무너무 만족스럽습니다! 돈이 하나도 안 아깝고 그만큼 실패한 게 없었어요 블러셔 젤리 마감으로 말이 많아서 걱정됐는데 저는 둘 다 문제 없는 걸로 잘 왔습니다 배송할 때 신경써서 보내주신 건가 했어요
실 결제가 79,000원대였는데 리뷰쓰면 14,000원 정도 네이버페이 포인트 돌려받게 돼서 65,000원에 저렇게 다 가졌다고 생각하면 좋은 소비라고 생각합니다 파우치 브러쉬 세트를 사은품으로 받게 돼서 기분 좋아요ㅎㅎ"
6,"하이라이터가 너무이뻐요!!
현재 디올 로즈골드를 가지고 있어서 하이라이터가 또 필요할까 심지어 용량도 이렇게 많은데... 했는데 베이크드 타입이라 해서 궁금했기도 하고 라방에서 세트가 많이 싸게 나와서 구매했어요
다른분들은 블러셔에 금가서 오셨다고 하는데 저는 다행히 무사히 도착했어요.
먼저 치크는 파우더타입은 평범한데 젤리타입이 진짜 광이 너무 예쁘게 차르르 돌아서 젤리타입 많이 사용할것같아요. 뽀용한 핑크계열 블러셔는 이미 많이 있어서 비올레타 구매했는데 나중에 핑크아이싱도 같이 구매할거같아요
원래 치크만 사려다가 하이라이터는 별 기대 안하고 같이 구입했는데 진짜 하이라이터가 더 물건인거같아요! 동봉된 브러쉬로 몇번 쓸었는데 이렇게 영롱한 핑크빔이 발사돼서 놀랬습니다... 저는 피부가 좀 어두운톤인데 맑고 화사한 피부톤 가지신 분들이 쓰면 더 예쁠것같아요. 빔이 너무 예쁘게 잘올라와서 나중에 씨쉘도 구매의사 있습니다!"
7,"너무 궁금해서 뜨자마자 구매했어요!! 진짜 후회없는 선택이네요. 하이라이터 진주빔 스타일에 존재감 있는 편이라 좋아요. 입자가 고와서 코 모공에 끼이는 거 없이 잘 발립니다. 처음에 하이라이터 브러쉬가 없어서 누락인가 했는데 상자 안에 같이 들어있었어요. ṑṑ
블러셔는 모공블러도 잘해주고 발색이 잘되서 좋아요. 다만 제 피부가 좀 어두운 편이라 그런지 젤리부분은 색감이 강한 편은 아니라 아쉬워요. 그래도 블러셔하고 그 위에 비슷한 느낌의 하이라이터 얹어주는 느낌으로 바르면 예쁩니다!
너무 기대한 만큼의 만족스러운 제품이에요!!"
8,"씨쉘을 구입하고 핑크마린은 고민하다 구매해봤는데 너무 이쁜 핑크빔입니다!!함께 구매했던 치크들도 색이 정말정말 이뻐요..젤 부분이 깨져오는 상황이 너무 많아 걱정했습니다만, 무사히 도착한 것 같습니다!
하이라이터들은 역시나 정말 이쁩니다!추천드려요!!(손등이 좀 타서,,좀 더 누런 점 이해해주세요!)"
9,"순서대로
하이라이터 시쉘 형태
하이라이터 볼록한 곳
하이라이터 일반 발색
블러셔 (왼쪽부터 연핑/진핑/젤리)

하이라이터 처음 왔을때 마감이 넘 아쉬웠어요 블러셔는 불량이 많다고 해서 걱정했는데 블러셔는 제대로 왔고 하이라이터 마감이.. 할인해서 사서 다행이지ㅠ 예뻐서 교환 없이 그냥 쓸것 같아요
하이라이터는 브러쉬로 발라도 예쁘고 손으로 발라도 예뻐요!
블러셔도 생각보다 덜 촌스러운 색깔이고, 젤리 블러셔가 보라펄과 블루펄이 모두 느껴져서 예뻤어요~ 이 젤리블러셔랑 하이라이터 살짝 섞어주면 예쁘더라고요~
블러셔 브러쉬는 생각보다 블러셔가 잘 파이고 조금 따가워서 다른 브러쉬로 쓸것 같아요.
둘 다 마음에 들게 예뻐서 세트로  사길 잘했다 생각들어요!"
10,"씨쉘을 정말 기대했는데, 반들반들한 자연스러운 윤광이 생기는 하이라이터예요! 손으로 만졌을 땐 입자가 곱긴 해도 서걱하단 느낌이 있는데, 느낌과 다르게 바르면 약간의 물광 느낌도 납니다. 개인적으로 펄이 잘 보이지 않을 정도로 쉬머한 하이라이터를 좋아하는데, 펄이 하라 중엔 중간 크기 정도로 눈에 띄긴 합니다. 그렇다고 글리터 수준은 아니고, 전반적으로 자연스러운 색감과 발색이라 괜찮아요! 근데 자연스럽다는 건? 엄청나게 반사력이 좋지는 않다는 거죵~ 퀄리티가 분명히 좋고.. 하라도 예쁘지만 정가 주고 사기는 아깝고요. 내가 하이라이터가 많은데도 굳이 사야 하는 정도의 하이라이터는 아니고, 하이라이터가 없는데 자연스러우면서 어느정도 괜찮은 하이라이터가 필요하다면 하나쯤 구매해봐도 좋을 것 같습니다. 아, 색상은 거의 화이트처럼 보이는 아이보리입니다. 그렇기에 굳이 퍼컬 따질 필요는 없을 것 같아요!

블러셔는 핑크아이싱을 샀는데, 가루타입은 그냥 흔한 여쿨 핑크 블러셔예요. 다만 쉬머가 예쁩니다. 하이라이터 없이 쉬머 하나만으로도 어느 정도 피부에서 비치듯 은은한 광이 올라오는 표현이 돼요! 가루타입은 증정으로 온 브러쉬로 쓸었더니 허물어지듯이 가루가 날려서 당황했습니다 ◠‿◠,,,"
11,"충동구매 후기 남깁니다..!

🧡블러셔
원래 피치색 좋아하는 봄웜라이트라 뮤드거랑 비교해봄
두개 색 섞발하면 피치어피치 나올거 같고 
왼쪽 연핑크 색이 밝고 확실히 분홍기가 많이돌아서 피부색 많이 탈거 같아요
살짝 쿨한가…? 싶어서 블루밍서울이랑 비교해봤는데 전혀 아님 확실의 웜핑크

질감은 되게 좋아요 뮤드처럼 모공 메꿔주는 느낌

그리고 👍🏻오른쪽 블러셔가 찐입니다..진짜로..
힌스에 멜로우 살까말까 고민하다가 좀 아쉬워서 안샀었는데 얘랑 거의 흡사함 비슷해요
사실 이거 때문에 산거라 너무 만족합니다

🧡하이라이터
씨쉘 이름값 제대로 함. 사진에서는 잘 안보이는데 진짜 그 밑색..??없어서 투명하고 촘촘하게 올라와요 확실히 골드쉬어가 뽝!! 이긴한데 광이 달라요

특유의 퍼석함 아예없고 씨쉘은 피부가 좋아보이는 광으로 보이고 골드쉬어보다 누런기가 없어서 쿨톤분들도 잘 쓸거 같은 색

브러쉬 말모~ 신상이라 리뷰가 없어서 불편했어서 자세히 썼으니 도움이 되길🙂‍↕️"
12,"얼마나 기다렸는지.몰라요.요새.이런 마블하라 종종나오지만 에스쁘아가 젤 이쁜거같아요.런칭만 기달렸는데 라방에.구성좋고 가격좋구요
블러셔는 고민하다가 그냥 좋아하는 색인 핑크아이싱으로 샀는데 젤리타입쪽 색이 꽃분홍이네요ㅣ피치나 비올레타 요런 차분한 색도 이뻣겄어요. 하라는 두 색 다 구입했어요. 예전 투페이스드 보석 하라처럼.네모난 돔처럼 올라와있는데 단단한데.질감고운거 미쳤어요!!! 
씨쉘은 무난한색이고 핑크마린은 너무.이쁜 여리한 핑크라벤더예요. 브러쉬증정받아서 좋고.머리끈하고.틴스틱도 받았어요. 
블러셔도 하나 더 사야 할거 같아요"
13,"21~22호 웜톤 이에요. 피치피즈치크,씨쉘 하이라이터 했는데 색 괜찮은것같아요. 특히 치크는 로제트 컬러랑 고민이 많이 됬는데 이제 곧 더워지는 계절이고 해서 더워보일까봐 톤다운된 로제트보다는 좀 더 밝은 색감인 피치피즈로 골랐어요. 발색해보니 라방때 보였던것보단 색감이 잘 올라왔고 예쁘더라고요~특히 젤리같은 질감의 치크부분이 색감이 참 예쁘더라고요 잔펄도 콕콕 박혀 있어서 촉촉하게 보여지는거 같아요~ 씨쉘 하이라이터도 잔잔한 펄이 좀 보이긴하나 물광처럼 보여서 괜찮은것같아요. 질감은 좀 서걱서걱 거리긴합니다. 같이 증정되어 온 치크,하이라이터브러시는 생각했던것보다 길이나 크기가 작아요 휴대용브러시같은 느낌이에요. 그래서 들고다니면서 쓸 수 있을것같아요."
14,"핑크아이싱 핑크마린 조합 미쳤어요
얼굴에 올렸을때 표현도 아주 예뻐요
화장 지우기 아까워서 거울만 몇십분 봤네용
올해 산 하라 블러셔중에 젤 맘에 듭니당
블러셔는 3가지 컬러를 사용할 수 있어서 좋았고 하이라이터는 촉촉 투명 새틴광이라 이뿐데 여러번 덧바르면 여자아이돌 뽀용 메이크업 뺨치는 핑크빔 발사됩니다! 핑크 좋아하시면 들여보시는걸 추천!! 증정 브러쉬들도 퀄리티 좋고 궁합 찰떡
귀여운 파우치랑 스크런치도 주니 런칭할때 사는게 이득..!"
15,"와 원래 귀찮아서 리뷰 잘 안남기는데 진짜 너무 대박이라 리뷰 남깁니다… 
일단 에스쁘아…증정으로 주신 블러셔 브러쉬 판매해주실 생각 없으신가요ㅠㅠ너무  대박이에요… 비슷한 컷팅모양의 ㅂㅇㅂ 브러쉬보다도 갠적으로 좋다고 느껴지고 블러셔 컬러도 미쳤습니다
사진으로 보기에는 좀 더 웜한 번트로즈/코랄로즈 처럼 보였는데 얼굴에 올리니 제얼굴에는 핑키한 뮤트로즈로 올라와요!! 저는 갈뮤트지만 핑크가 더 잘받아서 너무 만족스러워용ㅎㅎ
그리고 하이라이터는 사진을 못찍었는데 블러셔 질감이랑 세트로 너무…!!!!! 잘어울립니다
퍼석거리면서 펄 입자 크게 올라가는 하이라이터는 안좋아하는데 피부에 스며들듯이 발리고 광도 화려한듯 자연스러운듯 너무 예쁘게 올라가요 진짜 최고입니다…..🩷🩷🩷 너무 예뻐서 흥분해서 썼는데 진짜 고민중이신 분들은 사세요!! 에스쁘아는 브러쉬도 출시해주시길 부탁드립니다🫶🏻"
16,"일단 블러셔는 핑크 아이싱 색상이 쿨톤에게 딱 뽀용한 핑크라 좋아요! 그런데 단점이 하나 있다면 가루 블러셔가 같이 온 브러쉬로 바르면 가루날림이 정말..심해요..그리고 블러셔 브러쉬가 생각보다 톡톡 바르먄 피부가 따갑네요.. 색은 이쁩니다.. 그리고 발색을 확실히 내려면 크림(?)부분 블러셔 쓰면 색도 잘 올라오고 예쁩니다! 좀 더 써 봐야겠지만 좋아요! 

그리고 하이라이터는 씨쉘 샀는데 색이 진짜 웜쿨 안 타는 딱 아이보리? 빛이에요..! 저는 여쿨이라 혹시라도 노랄까봐 걱정했는데 안 노랗고 딱 진주 빛 광을 얹어주네요..!!!! 코에 바를때 자연스럽게 이쁜 것 같아요.. 블러셔랑도 발라봤는데 브러쉬로 바르먄 자연스럽게 발색이 돼서 티나게 하고싶으면 손으로 바르는게 좋을 듯 하네용!! 하이라이터 오만 화장에 다 잘 쓸 수 있을 것 같아서 잘 산 것 같아요!!"
17,"블러셔는 발색이 은은해요 증정으로 준 블러셔 브러쉬가 브오브를 좀 따라한것같은,,^^ (개인적으로 에스쁘아가 더 좋았어요) 
하이라이터는 듀이문에 비해 노란끼가 빠져사 쿨톤 분들도 잘 쓰실 수 있을것같구 피부에 올렸을때 발색이 자연스럽고 은은해요 하이라이터 브러쉬 크기가 작아서 실망했는데 작아서 힘도 잘들어가도 발색 잘돼서 좋네용 
에스쁘아는 굿즈맛집!!!!!🩷"
18,"너무너무 예쁩니다!! 🥰 
23호 갈웜인데 로제트 너무 예쁘게 발색돼요!! 
사진으로는 색감이 잘 안 담기는 거 같은데 진짜 로즈컬러 느낌입니다 ㅠㅠ 특히 펄 블러셔 너무 예뻐요!!
ㅠㅠ 대만족 씨쉘도 발색 너무 예쁩니당!! 
같이 온 미니 스크런치랑 파우치도 귀여워요🧡🩷"
19,"어제 저녁에 시켰는데 오늘 낮에 왔어요!! 
배송 진짜 발라서 좋고요 라이브때 사서 그런지 더 싼 가격으로 치크랑 하라까지 살 수 있어서 너무 좋았습니다.
스크런치랑 파우치 넘 귀엽고 여행 갈때 하라랑 치크 쏙 들어갈 수 있는 크기라서 좋은 것 같아요 🌸

브러쉬도 하라 브러쉬 치크 브러쉬 각각 1개씩 와서 좋아요

하라 색상도 진주알 마냥 고급스럽게 광이 나면서 착 밀착됩니다 치크도 쿨톤에 맞게 화사한 핑크 색상이에요🥰

하라는 핑크마린과 씨쉘 중에 고민했는데 씨쉘이 더 광이 많이 나는 것 같아서 씨쉘로 했습니다

에스쁘아 일냈다...!"
20,"출시전부터 엄청 궁금해서 라이브 하기전에 일어나자마자 아침에 주문해서 당일에 받았어요 칼배송 개꿀😏

하이라이터는 2개 다 갖고싶어서 단품으로 하나 더 샀고 봄웜톤이라 블러셔는 피치피즈로 구매했어요. 오늘 아침 출근 메이크업할때 바로 개시했구요. 윈터픽이라더니 여리여리한 피치 컬러인데 너무 예뻐요🤭 한쪽은 베이스&포인트 컬러로 된 파우더, 오른쪽은 쉬머 젤리 제형이고 젤리 제형인데도 나름 밑색 잘 올라오면서 발색돼요. 증정용 브러쉬로 얼굴에 얹으면 좀 발색 약하긴하구요. 파우더쪽은 다 좋은데 배색이 애매하게 되있어서 양쪽 볼에 동일하게 바르게 좀 힘든거같아요ㅠ 섞기 나름인데 아예 베이스랑 포인트 반반 있으면 어땠을지.. 그리고 가루날림은 좀 심해요 ㅎㅎ,,

세트로 구매한 하이라이터는 씨쉘인데 역시 웜톤이 데일리로 바르기 너무 좋은거같아요. 너무 골드빛 돌면 어쩌나 고민했는데 노란빛 거의 안돌고 맑은 샴페인 컬러고요. 로즈 컬러가 마블로 섞여있어서 플래쉬 터뜨리니 묘하게 핑크펄도 살짝 보이네요. 얼굴에 얹으니 조명 아래에선 은은하게 반짝이니 좋고 일반 형광등 아래에서(사무실 같이...) 엄청 자연스럽게 한듯안한듯하게 보여요. 그래도 아워글래스 인캔디센트같은 하라보다는 좀 더 존재감 있어요. 디올 팔레트 같은 하라보다는 덜 화려하고요. 이러나저러나 데일리로 사용하기 넘 좋긴 할거같아요!"
21,"에스쁘아 제품력 좋다고 생각해서 일단 구매했어요.
아직 얼굴발색을 못해서 정확한 색감은 모르겠으나 일단 하이라이터 당장 써보고싶어짐. 투명한광? 너무알겠다.. 씨쉘이 걍 너무 이뻐버리세요. 챠르르한 광의 핑크 하이라이터 가지고싶어서 핑크마린도 샀는데 핑크인데? 약간 보라빛도 살짝 도는거같아보이고 그러네여. 쿨톤 찰떡일듯. 과하지않게 적당히 촉촉해서 얼굴에 얼마나 잘 올라갈지 기대됨..
치크같은 경우 하나만 사려다가 하이라이터 2개 사는김에 피치피즈랑 로제트 둘다 산건데, 생각보다 젤리제형이 쉬머한듯. 매트제형 중 포인트컬러가 생각보다 면적이 적어서 보통은 호다닥 섞어서 바르게 될 것 같음. 피치피즈의 경우는 매트제형 중 베이스 컬러가 좀 엥스러웠달까 섞어 쓰기 좋을수있지만 단독은 좀 손이 자주 갈 색은 아닌거같아요. 로제트는 잘쓰는 컬러군이긴한데, 제형이 참 좋은데 펄감이 익숙하지않아서 젤리제형은 좀 적응이 필요할듯. 제 기준 치크보다 아이제품에서 익숙한 펄감따리 호호..그래도 요리조리 조합하기 참 좋을듯.
(패키지 군더더기없어서 좋음. 근데 하이라이터하나만 조금 삐걱거려서 아숩...)"
22,"❤️
사진 속 블러셔와 하라 다 에스쁘아 제품ㅇㅇ
솔직히. 블러셔는. 그냥 그랬음.
치크광인이라 블러셔에 기대 267263818만큼 했는데 뭐랄까 미묘하게 좀 아쉬웠다.
빠지는 거 하나 없음.
색도 중명도 분홍이라 허옇게 안 뜨고 적당히 차분한 듯 뽀용한 듯 예쁨.
젤리 치크 쪽도 불그스름한 홍조색으로 잘 빠짐.
근데 왜 미묘하게 뭔가 부족하다 싶은 건지... 흠...
동봉된 브러쉬가 맘에 안 들어서 그런가 🤔
브러쉬 질은 믜친 거 아니야? 소리 나올 정도로 좋았으나 커팅이... 쓰읍...
🧡
아무튼 하이라이터는 정말 맘에 들었음.
예상 외로 어마무시하게 이쁘자너ㅋㅋ
광감 도랏슴ㄷㄷ 반사광 미치게 예뻐서 계에ㅔㅔ속 사진 찍음ㅋㅋㅋ
루돌프마냥 미친 발광을 뽐내는 코 끝을 보셈
진 주 그 자 체 (영롱✨️)
광대뼈에도 스윽 쓸어 발랐더니
ㅎF
고개 돌릴 때마다 아름다운 핑크빔이 나를 둘러쌈
(그리고 하라 브러쉬가 아주 부드럽게 피부를 쓸면서 하라 입자를 얇고 곱고 균일하게 싹 도포함. 이넘 진짜 메친넘이고 요물이다. 반드시 여러 개 가져야만.)
💛
하라 색도 적보라색이라 따끈한 느낌으로 나의 노란 피부색과 잘 어우러짐ㅠㅠ 넘예짱예;;
핑크빔 좌아ㅏㅏ앙 쏘는데 부담스럽지 않고 그냥 이쁨 🥹 나 감동 돼
💚
게다가 하라 사면 증정해 준 팬 브러쉬 퀄리티가 미치고 팔짝 뛸 수준으로 좋음.
뭐야? 왜 이래?
에스쁘아 제정신이면 이거 당장 돈 받고 파셈;;;
제발.
나 진심이야.
💙
이번에 같이 온 브러쉬들 전부 완성도 돌아버림...
우리 집 고양이보다 더 부드럽고 고운 털의 집합체라니까 🥺🫶🏻
블러셔 브러쉬도 컷팅만 좀 바꿔서 다시 내 주라...
하라 브러쉬도 꼭 팔아 주라...
이게 비매품이라는 사실을 되새길 때마다 나 눈앞이 깜깜해지고 갓썸을 쥐어뜯으며 울부짖는 늑대가 돼 🥲
제발 팔아 주라..."
23,"윈터 메컵이 너무 예뻐.. 구매 갈겨씀미다.. ㅋㅋ
저는 웜인데 핑크 메컵을 자주 하기도 하고
밝게 만들어서 올리기 때문도 있구 해서
핑크 아이싱 / 핑크 마린 으러 주문 했어요
다른컬러는 너무 노랗게 올라올까봐 ㅠ 그건 싫기두 하구.. 집에 비슷한 컬러도 많구
윈터 핑크 메이크업⍤⃝𓂭 예뻐서 이걸루 구매,,!
카메라가 깨져서 ㅠ 선명하진 않아요 
제일 왼쪽이 하라 / 두번째 세번째가 핑크 아이싱 임니당
피부 톤 밝게 깔구나서 메컵 해보려구요
우선은 어두운 팔에 올리니 예쁜 색감은 안 나와서.ㅎ
발림성은 너무 좋구 
사은품도 보내주셔서 감사함미당 
비싼감이 없지않아 있는데 우선 잘 사용해 보겠슴니당 😝"
24,"톤페어링 피치피즈
하이라이터 씨쉘

결론부터 에메한 색들 하이라이터는. 퀄리티가 너무 떨어진다 



치크가 반은 습식타입  반은 가루타입 
은은한 하이라이터 제형이고 반짝반짝 미세 한펄있어요
치크인데 오히려 은은한 페이스 하이라이트로 써도 될듯하고 내장된 브러쉬로 발색시  습식제형부분 색상은 안올라와요 반짝임만 발색되고
왼쪽색상 부분은 발색됩니다
가루날림. 적고 피치색이 소량만  분포되어서 
흰끼부분이 더 많아서 이건 좀 어중간합니다
핑크빛도 돌기도하고

*개인적으로
피치톤 찾는분이 쓰기에는  베이스색이 너무 많이. 분포되있어서  실제 사용시.다른 피치나 살구색 하나더 있어야할듯 

*이톤도 저톤도 아닌 피부쓰기에는 맞아요
브러쉬는 왼쪽 가루부분 발색시에만 색감올라옵니다
가격대비 조금 아쉬운 제품이네요

**하이라이터 씨쉘***
구운타입인가. 입자 건조합니다
촤르르 흐르는 쉬머제형
퀄리티가 떨어지는 제형이네요
이 하이라이터가 습식제형으로 나왔다면
뭉침있고 뜨기도 하네요 제형 특성상
색상은 아이보리 정도"
25,"와 진짜 처음에 무조건 하이라이터는 핑크마린, 블러셔는 비올레타만 주문하려다가 윈터가 핑크아이싱, 핑크마린으로 메이크업한 거 그리고 다른 후기들에서 씨쉘 극찬이 많아서 못 참고 다 질렀어요....저 원래 샴페인 색은 노란기 많이 도는 웜톤용이라 생각해서 별로 안 끌렸거든요 근디 실제로 받아보니 정말 예쁘게 피부색에 어우러질 수 있는데 화이트-아이보리 였습니다!
블러셔도 제가 겨울쿨톤 다크 베스트라 핑크아이싱이 둥둥 뜰 것 같아서 고민 많았는데 생각보다 흰기가 별로 없어서 저한테도 잘 어울렸어요
게다가 저는 오로라 컬러까지 타플랫폼 체험단으로 당첨돼서 하이라이터 3종을 다 쟁이게 된 사람이 되었습니다... 3개 가지고 싶었지만 최대 2개만 구매할 생각이었던 저에게 정말 큰 행운이 따라준 것 같아요ㅠㅠ
결론은 너무너무 만족스럽습니다! 돈이 하나도 안 아깝고 그만큼 실패한 게 없었어요 블러셔 젤리 마감으로 말이 많아서 걱정됐는데 저는 둘 다 문제 없는 걸로 잘 왔습니다 배송할 때 신경써서 보내주신 건가 했어요
실 결제가 79,000원대였는데 리뷰쓰면 14,000원 정도 네이버페이 포인트 돌려받게 돼서 65,000원에 저렇게 다 가졌다고 생각하면 좋은 소비라고 생각합니다 파우치 브러쉬 세트를 사은품으로 받게 돼서 기분 좋아요ㅎㅎ"
26,"하이라이터가 너무이뻐요!!
현재 디올 로즈골드를 가지고 있어서 하이라이터가 또 필요할까 심지어 용량도 이렇게 많은데... 했는데 베이크드 타입이라 해서 궁금했기도 하고 라방에서 세트가 많이 싸게 나와서 구매했어요
다른분들은 블러셔에 금가서 오셨다고 하는데 저는 다행히 무사히 도착했어요.
먼저 치크는 파우더타입은 평범한데 젤리타입이 진짜 광이 너무 예쁘게 차르르 돌아서 젤리타입 많이 사용할것같아요. 뽀용한 핑크계열 블러셔는 이미 많이 있어서 비올레타 구매했는데 나중에 핑크아이싱도 같이 구매할거같아요
원래 치크만 사려다가 하이라이터는 별 기대 안하고 같이 구입했는데 진짜 하이라이터가 더 물건인거같아요! 동봉된 브러쉬로 몇번 쓸었는데 이렇게 영롱한 핑크빔이 발사돼서 놀랬습니다... 저는 피부가 좀 어두운톤인데 맑고 화사한 피부톤 가지신 분들이 쓰면 더 예쁠것같아요. 빔이 너무 예쁘게 잘올라와서 나중에 씨쉘도 구매의사 있습니다!"
27,"너무 궁금해서 뜨자마자 구매했어요!! 진짜 후회없는 선택이네요. 하이라이터 진주빔 스타일에 존재감 있는 편이라 좋아요. 입자가 고와서 코 모공에 끼이는 거 없이 잘 발립니다. 처음에 하이라이터 브러쉬가 없어서 누락인가 했는데 상자 안에 같이 들어있었어요. ṑṑ
블러셔는 모공블러도 잘해주고 발색이 잘되서 좋아요. 다만 제 피부가 좀 어두운 편이라 그런지 젤리부분은 색감이 강한 편은 아니라 아쉬워요. 그래도 블러셔하고 그 위에 비슷한 느낌의 하이라이터 얹어주는 느낌으로 바르면 예쁩니다!
너무 기대한 만큼의 만족스러운 제품이에요!!"
28,"씨쉘을 구입하고 핑크마린은 고민하다 구매해봤는데 너무 이쁜 핑크빔입니다!!함께 구매했던 치크들도 색이 정말정말 이뻐요..젤 부분이 깨져오는 상황이 너무 많아 걱정했습니다만, 무사히 도착한 것 같습니다!
하이라이터들은 역시나 정말 이쁩니다!추천드려요!!(손등이 좀 타서,,좀 더 누런 점 이해해주세요!)"
29,"순서대로
하이라이터 시쉘 형태
하이라이터 볼록한 곳
하이라이터 일반 발색
블러셔 (왼쪽부터 연핑/진핑/젤리)

하이라이터 처음 왔을때 마감이 넘 아쉬웠어요 블러셔는 불량이 많다고 해서 걱정했는데 블러셔는 제대로 왔고 하이라이터 마감이.. 할인해서 사서 다행이지ㅠ 예뻐서 교환 없이 그냥 쓸것 같아요
하이라이터는 브러쉬로 발라도 예쁘고 손으로 발라도 예뻐요!
블러셔도 생각보다 덜 촌스러운 색깔이고, 젤리 블러셔가 보라펄과 블루펄이 모두 느껴져서 예뻤어요~ 이 젤리블러셔랑 하이라이터 살짝 섞어주면 예쁘더라고요~
블러셔 브러쉬는 생각보다 블러셔가 잘 파이고 조금 따가워서 다른 브러쉬로 쓸것 같아요.
둘 다 마음에 들게 예뻐서 세트로  사길 잘했다 생각들어요!"
30,"씨쉘을 정말 기대했는데, 반들반들한 자연스러운 윤광이 생기는 하이라이터예요! 손으로 만졌을 땐 입자가 곱긴 해도 서걱하단 느낌이 있는데, 느낌과 다르게 바르면 약간의 물광 느낌도 납니다. 개인적으로 펄이 잘 보이지 않을 정도로 쉬머한 하이라이터를 좋아하는데, 펄이 하라 중엔 중간 크기 정도로 눈에 띄긴 합니다. 그렇다고 글리터 수준은 아니고, 전반적으로 자연스러운 색감과 발색이라 괜찮아요! 근데 자연스럽다는 건? 엄청나게 반사력이 좋지는 않다는 거죵~ 퀄리티가 분명히 좋고.. 하라도 예쁘지만 정가 주고 사기는 아깝고요. 내가 하이라이터가 많은데도 굳이 사야 하는 정도의 하이라이터는 아니고, 하이라이터가 없는데 자연스러우면서 어느정도 괜찮은 하이라이터가 필요하다면 하나쯤 구매해봐도 좋을 것 같습니다. 아, 색상은 거의 화이트처럼 보이는 아이보리입니다. 그렇기에 굳이 퍼컬 따질 필요는 없을 것 같아요!

블러셔는 핑크아이싱을 샀는데, 가루타입은 그냥 흔한 여쿨 핑크 블러셔예요. 다만 쉬머가 예쁩니다. 하이라이터 없이 쉬머 하나만으로도 어느 정도 피부에서 비치듯 은은한 광이 올라오는 표현이 돼요! 가루타입은 증정으로 온 브러쉬로 쓸었더니 허물어지듯이 가루가 날려서 당황했습니다 ◠‿◠,,,"
31,"충동구매 후기 남깁니다..!

🧡블러셔
원래 피치색 좋아하는 봄웜라이트라 뮤드거랑 비교해봄
두개 색 섞발하면 피치어피치 나올거 같고 
왼쪽 연핑크 색이 밝고 확실히 분홍기가 많이돌아서 피부색 많이 탈거 같아요
살짝 쿨한가…? 싶어서 블루밍서울이랑 비교해봤는데 전혀 아님 확실의 웜핑크

질감은 되게 좋아요 뮤드처럼 모공 메꿔주는 느낌

그리고 👍🏻오른쪽 블러셔가 찐입니다..진짜로..
힌스에 멜로우 살까말까 고민하다가 좀 아쉬워서 안샀었는데 얘랑 거의 흡사함 비슷해요
사실 이거 때문에 산거라 너무 만족합니다

🧡하이라이터
씨쉘 이름값 제대로 함. 사진에서는 잘 안보이는데 진짜 그 밑색..??없어서 투명하고 촘촘하게 올라와요 확실히 골드쉬어가 뽝!! 이긴한데 광이 달라요

특유의 퍼석함 아예없고 씨쉘은 피부가 좋아보이는 광으로 보이고 골드쉬어보다 누런기가 없어서 쿨톤분들도 잘 쓸거 같은 색

브러쉬 말모~ 신상이라 리뷰가 없어서 불편했어서 자세히 썼으니 도움이 되길🙂‍↕️"
32,"얼마나 기다렸는지.몰라요.요새.이런 마블하라 종종나오지만 에스쁘아가 젤 이쁜거같아요.런칭만 기달렸는데 라방에.구성좋고 가격좋구요
블러셔는 고민하다가 그냥 좋아하는 색인 핑크아이싱으로 샀는데 젤리타입쪽 색이 꽃분홍이네요ㅣ피치나 비올레타 요런 차분한 색도 이뻣겄어요. 하라는 두 색 다 구입했어요. 예전 투페이스드 보석 하라처럼.네모난 돔처럼 올라와있는데 단단한데.질감고운거 미쳤어요!!! 
씨쉘은 무난한색이고 핑크마린은 너무.이쁜 여리한 핑크라벤더예요. 브러쉬증정받아서 좋고.머리끈하고.틴스틱도 받았어요. 
블러셔도 하나 더 사야 할거 같아요"
33,"21~22호 웜톤 이에요. 피치피즈치크,씨쉘 하이라이터 했는데 색 괜찮은것같아요. 특히 치크는 로제트 컬러랑 고민이 많이 됬는데 이제 곧 더워지는 계절이고 해서 더워보일까봐 톤다운된 로제트보다는 좀 더 밝은 색감인 피치피즈로 골랐어요. 발색해보니 라방때 보였던것보단 색감이 잘 올라왔고 예쁘더라고요~특히 젤리같은 질감의 치크부분이 색감이 참 예쁘더라고요 잔펄도 콕콕 박혀 있어서 촉촉하게 보여지는거 같아요~ 씨쉘 하이라이터도 잔잔한 펄이 좀 보이긴하나 물광처럼 보여서 괜찮은것같아요. 질감은 좀 서걱서걱 거리긴합니다. 같이 증정되어 온 치크,하이라이터브러시는 생각했던것보다 길이나 크기가 작아요 휴대용브러시같은 느낌이에요. 그래서 들고다니면서 쓸 수 있을것같아요."
34,"핑크아이싱 핑크마린 조합 미쳤어요
얼굴에 올렸을때 표현도 아주 예뻐요
화장 지우기 아까워서 거울만 몇십분 봤네용
올해 산 하라 블러셔중에 젤 맘에 듭니당
블러셔는 3가지 컬러를 사용할 수 있어서 좋았고 하이라이터는 촉촉 투명 새틴광이라 이뿐데 여러번 덧바르면 여자아이돌 뽀용 메이크업 뺨치는 핑크빔 발사됩니다! 핑크 좋아하시면 들여보시는걸 추천!! 증정 브러쉬들도 퀄리티 좋고 궁합 찰떡
귀여운 파우치랑 스크런치도 주니 런칭할때 사는게 이득..!"
35,"와 원래 귀찮아서 리뷰 잘 안남기는데 진짜 너무 대박이라 리뷰 남깁니다… 
일단 에스쁘아…증정으로 주신 블러셔 브러쉬 판매해주실 생각 없으신가요ㅠㅠ너무  대박이에요… 비슷한 컷팅모양의 ㅂㅇㅂ 브러쉬보다도 갠적으로 좋다고 느껴지고 블러셔 컬러도 미쳤습니다
사진으로 보기에는 좀 더 웜한 번트로즈/코랄로즈 처럼 보였는데 얼굴에 올리니 제얼굴에는 핑키한 뮤트로즈로 올라와요!! 저는 갈뮤트지만 핑크가 더 잘받아서 너무 만족스러워용ㅎㅎ
그리고 하이라이터는 사진을 못찍었는데 블러셔 질감이랑 세트로 너무…!!!!! 잘어울립니다
퍼석거리면서 펄 입자 크게 올라가는 하이라이터는 안좋아하는데 피부에 스며들듯이 발리고 광도 화려한듯 자연스러운듯 너무 예쁘게 올라가요 진짜 최고입니다…..🩷🩷🩷 너무 예뻐서 흥분해서 썼는데 진짜 고민중이신 분들은 사세요!! 에스쁘아는 브러쉬도 출시해주시길 부탁드립니다🫶🏻"
36,"일단 블러셔는 핑크 아이싱 색상이 쿨톤에게 딱 뽀용한 핑크라 좋아요! 그런데 단점이 하나 있다면 가루 블러셔가 같이 온 브러쉬로 바르면 가루날림이 정말..심해요..그리고 블러셔 브러쉬가 생각보다 톡톡 바르먄 피부가 따갑네요.. 색은 이쁩니다.. 그리고 발색을 확실히 내려면 크림(?)부분 블러셔 쓰면 색도 잘 올라오고 예쁩니다! 좀 더 써 봐야겠지만 좋아요! 

그리고 하이라이터는 씨쉘 샀는데 색이 진짜 웜쿨 안 타는 딱 아이보리? 빛이에요..! 저는 여쿨이라 혹시라도 노랄까봐 걱정했는데 안 노랗고 딱 진주 빛 광을 얹어주네요..!!!! 코에 바를때 자연스럽게 이쁜 것 같아요.. 블러셔랑도 발라봤는데 브러쉬로 바르먄 자연스럽게 발색이 돼서 티나게 하고싶으면 손으로 바르는게 좋을 듯 하네용!! 하이라이터 오만 화장에 다 잘 쓸 수 있을 것 같아서 잘 산 것 같아요!!"
37,"블러셔는 발색이 은은해요 증정으로 준 블러셔 브러쉬가 브오브를 좀 따라한것같은,,^^ (개인적으로 에스쁘아가 더 좋았어요) 
하이라이터는 듀이문에 비해 노란끼가 빠져사 쿨톤 분들도 잘 쓰실 수 있을것같구 피부에 올렸을때 발색이 자연스럽고 은은해요 하이라이터 브러쉬 크기가 작아서 실망했는데 작아서 힘도 잘들어가도 발색 잘돼서 좋네용 
에스쁘아는 굿즈맛집!!!!!🩷"
38,"너무너무 예쁩니다!! 🥰 
23호 갈웜인데 로제트 너무 예쁘게 발색돼요!! 
사진으로는 색감이 잘 안 담기는 거 같은데 진짜 로즈컬러 느낌입니다 ㅠㅠ 특히 펄 블러셔 너무 예뻐요!!
ㅠㅠ 대만족 씨쉘도 발색 너무 예쁩니당!! 
같이 온 미니 스크런치랑 파우치도 귀여워요🧡🩷"
39,"어제 저녁에 시켰는데 오늘 낮에 왔어요!! 
배송 진짜 발라서 좋고요 라이브때 사서 그런지 더 싼 가격으로 치크랑 하라까지 살 수 있어서 너무 좋았습니다.
스크런치랑 파우치 넘 귀엽고 여행 갈때 하라랑 치크 쏙 들어갈 수 있는 크기라서 좋은 것 같아요 🌸

브러쉬도 하라 브러쉬 치크 브러쉬 각각 1개씩 와서 좋아요

하라 색상도 진주알 마냥 고급스럽게 광이 나면서 착 밀착됩니다 치크도 쿨톤에 맞게 화사한 핑크 색상이에요🥰

하라는 핑크마린과 씨쉘 중에 고민했는데 씨쉘이 더 광이 많이 나는 것 같아서 씨쉘로 했습니다

에스쁘아 일냈다...!"
40,"어제 저녁에 시켰는데 오늘 낮에 왔어요!! 
배송 진짜 발라서 좋고요 라이브때 사서 그런지 더 싼 가격으로 치크랑 하라까지 살 수 있어서 너무 좋았습니다.
스크런치랑 파우치 넘 귀엽고 여행 갈때 하라랑 치크 쏙 들어갈 수 있는 크기라서 좋은 것 같아요 🌸

브러쉬도 하라 브러쉬 치크 브러쉬 각각 1개씩 와서 좋아요

하라 색상도 진주알 마냥 고급스럽게 광이 나면서 착 밀착됩니다 치크도 쿨톤에 맞게 화사한 핑크 색상이에요🥰

하라는 핑크마린과 씨쉘 중에 고민했는데 씨쉘이 더 광이 많이 나는 것 같아서 씨쉘로 했습니다

에스쁘아 일냈다...!"
41,"블러셔 젤리제형이 진짜 최고입니다😆 여쿨은 핑크아이싱 겨쿨은 비올레타 추천드리는데 저는 여쿨인데도 비올레타가 더 마음에 들어요! 블루펄이 들어있어서 오묘한 느낌이 너무 예쁩니다🥰 건조하지 않아서 좋기도 했어요.
그리고 하이라이터는 진짜! 엄청나게 곱더라고요. 그러면서도 발색이 확실해서 깜짝 놀랐어요. 곱고 비교적 자연스러운 하이라이터 좋아하시는 분들은 에스쁘아 하이라이터 마음에 드실 것 같아요! 용량도 완전 짐승용량이라 평생 써도 괜찮을 것 같습니다🤣"
42,"에스쁘아의 진주광을 너무나 사랑하는 저는 냉큼 8만원 어치를 질렀습니다… 브러쉬 세트 + 립스틱에 세트 구성품인 브러쉬까지 사은품 퀄리티가 다 너무 좋아요 👍

블러셔는 한 제품으로 베이스 포인트 펄까지 다 넣을 수 있단 게 장점인 것 같아요. 각각의 퀄리티가 막 대단하진 않은데, 다같이 썼을 때 시너지가 나는 것 같습니다. 가격 생각하니 매의 눈으로 보게 돼서 그런데… 제품력은 늘 그렇듯 괜찮다고 느꼈어요! 제가 구매한 옵션은 여쿨 분들이 잘 쓰실 것 같은 밝은 핑크 색상입니다. 

하이라이터… 왜 새틴광이라고 했는지 알 것 같습니다. 피부에 스며든 것 같은 광이 나요 🥺 번쩍번쩍한 물광이 아니라, 차르르 부서지는 윤슬 같은 광이에요. 과하지 않은 펄감이 너무 예쁩니다… 👍"
43,하이라이터 브러시는 단상자 안에 들어있어서 처음엔 누락된 줄 알았네요 ㅎㅎ 제품 자체는 출시 전부터 정말 기대했는데 역시 색조맛집답게 퀄리티 좋습니다 크림타입 블러셔는 확실히 요즘 유행하는 속광 연출하기에 좋았고 파우더는 색감이나 질감 모두 무난해요. 근데 하이라이터가 기대 이상이에요 평소에 디올 로즈골드 두번째 컬러나 베네피트 티클 애정하는 핑크빔성애자인데 존재감도 낭낭하고 타 로드샵 제품에 비해 질이 좋은 것 같습니다. 다만 포장이 너무 허술해요ㅠㅠ 완충재에 대충 쌓여져서 왔는데 배송 과정에서 자칫하면 금세 깨질 수도 있을 것 같습니다
44,"블러셔랑 하이라이터 대란이라 요즘 나오는것들 거의 다 있다고 봐도 될 정도라 최대한 안사려고 했는데 윈터 메이크업 너무 예쁜거 아니냐구요.. 라이브 혜택 너무 좋아서 그냥 질러버렸는데 진짜 넘 예뻐용 ㅠㅠ 다행히 파손도 안 되고 와서 내일 메이크업 이대로 해보려구용
에스쁘아 모델로 윈터 뽑은거 진짜 신의 한수 같아요 
코랄룩 핑크룩 섀도우 팔레트에 립까지 다 손민수했어용 ㅎㅎㅎ 당분간 코랄이랑 핑크 번갈아가며 메이크업할꺼예요"
45,"유튜브에서 할인 행사 한다는 메이크업 영상 보고 바로 구매했습니당 ㅎㅎ
같이 온 브러쉬는 평이 좋아서 기대했는데 역시!! 너무 부드럽습니당
하이라이트 펄 진짜 너무 이쁘고요 ㅠ 치크도 색 이쁜데 처음 왔을때 젤리부분 들뜸??? 현상이 심해서 이쒸하면서 손 열로 녹이니 나아졌네요 ㅎㅎ 잘 사용하겠습니다!!! 색조 맛집 에스쁘아 흥하고 앞으로도 이쁜 화장품 많이 제조해주세용~~"
46,"블러셔 젤리제형 부분이 들뜨거나 부서져 왔다는 후기를 봤어서 걱정했는데, 다행히 멀쩡하게 잘 왔어요 ! 색감 농협은행이고요..? 하이라이터는 마블이 좀 더 고르게 많은 걸 기대했는데 핑빔이 더 크게 자리한 친구가 왔습니다!"
47,"하 블러셔 선택에 후회없습니다.. 넘 예뻐요 진짜 미쳐버리겠다.. 나.. 에스쁘아 사랑했네..🤦🏻‍♀️

하이라이터는 핑크마린이랑 다르게 요번엔 마블이 주로 덮힌 친구로 왔습니다! 씨쉴은 오히려 마블 비중이 높은 게 더 맘에 들어용🐚"
48,씨쉘 발색보고 반해서 바로 구매했습니당 피부톤이 어두워서 블러셔는 로제트로.. 아직 제대로 발색은 안해봤지만 톤자체로만 봤을땐 너무 맘에듭니다 씨쉘은 생각보다 더 은은하고 정말 딱 진주빛! 밀착력이 좀더 있었으면 좋았겠어요 증정 브러쉬는 넘 작아서 놀랐지만 가지고 다니기 좋을거같습니다 선세럼도 궁금했는데 샘플와서 좋았어요 배송짱빠름!
49,"하이라이터 단품으로 사고 다른 색상도 궁금하고 치크도 궁금해서 사봤는데 이거 치크가 기대 이상으로 발색력이 좋고 특히 크림타입 부분이 은은하게 윤광 돌아서 넘 예뻐요!!! 
하이라이터 씨쉘이랑 핑크마린인데 씨쉘이 입덕주의화이트랑 비슷하다는 말이 있어서 사봤는데 얘가 더 옐로우기가 더 돌고 입덕주의가 더 화이티시 해요! 핑크 마린은 지이이이인짜 예쁜 핑크빔인데 크림치크랑 비슷한 느낌인가 했눈데 치크는 더 색감이 올라오는 편이고 하이라이터는 핑크 속광 마냥 돕니다. 아주 좋아요."
50,마감이 요즘 문제가 많아서 걱정했는데 제껀 다행히 멀쩡히 받았네요 피치피즈(?) 생각보다 핑크끼가 많이 돌아요 핑크에 자몽한방울 느낌?? 하라는 오프라 미니 사이즈랑 비슷? 보다 조금 커요 광예쁘고 발림성도 좋아요 근데 하도 내구성 문제가 많아서 들고다니진 못항거같네요
51,"도랏나... 너무 예쁘다....
배송도 짱 빨라서 놀랐네요.
흰끼 가득한 핑!크! 블러샤를 좋아하는데 너무 예뻐요. 하이라이터는 씨쉘을 선택했는데 블러셔랑 안어울릴까 걱정했는데 너무 잘어울립니다. 
발색력도 좋아서 만족입니다👍 안샀으면 후회할뻔.."
52,핑크아이싱 사려다가 모브 컬러 블러셔가 없는 것 같아 비올레타로 구매했는데 받아보니 살짝 웜한거 같아 발라보니 은은하게 발색되고 보이는 컬러보다 쿨하고 괜찮았어요. 치크는 펄 컬러부분이 미쳤어요. 섀도우로도 쓰고 앞볼에 하이라이터 같이 써도 너무 이쁩니다. 하이라이터는 핑크빔이 뿜뿜해서 요즘 유행하는 아이돌 아이메이크업 따라서 할 수 있고 광이 너무 이쁘고 맘에 들어요:):)
53,블러셔는 발색력 지인짜 좋고 이뻐요!! 좋아하는 유튜버 보고 바로 지른건데 하이라이터 너무너무 기대했는데 그만큼의 광이 안나와서 너무 아쉽네요ㅠㅠㅠ 제가 잘 못하는건지 그래도 블러셔는 넘 이뻐요 브러쉬도 좋구 🥹 살짝 아쉽지만 잘 쓸게용
54,정말 너무 예뻐요 근 1년간 구매했던 에스쁘아 제품중에 제일 만족스러워요 치크는 좀 컬러가 흔해보여서 하이라이터만 구매하려다 세트1번 구성이 하라 + 치크 인데다 브러쉬 증정이라 겸사겸사 써보게됐는데.. 진짜 젤리블러셔 발색 은은하게 속광 올라와서 너무 예쁘고.. 실물이 찐이네요 치크에 핑크새틴빔 핑크마린 하이라이터 올리면 끝장남.. 다른 컬러도 구매하려구요🩷
55,"배송 미쳤음 겁나빠름 그리고 모든 제품이 진짜 어어엄청 발림이 부드러워요 
비올레타는 색 진짜 이쁘고 핑크마린은 은은하게 새틴광에 너무 고와요ㅜㅜ 블러셔가 파손되는게 많아서 걱정했는데 양품으로 잘 왔어요~
파우치랑 스크런치도 너무 기엽구 브러쉬도 핵 부드러워용 사길 잘했어요"
56,저도 처음에 하이라이터 브러쉬가 안보여서 누락되서 안온줄 알았어요 여름쿨톤이지만 무난하게 쓸 수 있는 씨쉘 하이라이터로 선택했어요 치크는 핑크아이싱으로 저에게 잘맞아서 좋았어요 디올 로즈골드와 디올 튀튀가 있지만 에스쁘와 제품력도 괜찮네요 택배가 빨리와서 좋았지만 포장이 테이프도 대충 떨어질것같이 허술하게 와서 좀 걱정이 되었어요 앞으로는 포장에도 신경 써주셨음 좋겠습니다.
57,"1번째 사진 - 하이라이터
진짜 바세린광같이 펄 입자가 작으면서 촘촘함
펄입자가 작고 자연스럽고 확실한 하이라이터 원하는 분들께 추천
3번째 사진 - 블러셔(젤리블러셔발색)
블러셔에 하이라이터 약간 더한 느낌
블러셔 바르고 한가운데에 바르면 너무 이쁠 것"
58,치크 너무 이뻐보여서 구매했는데 상태가 깨져서 곧 떨어져나가려고 하네요..ㅠ 빨리 쓰고싶어서 그냥 눌러서 쓰려고하는데 눌러도 이미 금진 건 소용 없는거 같아요 마감처리 좀 제대로 해주셨으면 좋겠습니다..
59,어제 라이브방송으로 구매했는데 오늘 오후에 배송 받았어요!!  완전 총알배송!!  로켓배송에 감동 받았어요ㅎㅎ 색이 넘 이뻐요 ~  살구빛?  복숭아빛? 주황주황이 과하지않고 이뻐요❤️ 함께 구입한 하이라이터도 웜한 컬러로 골랐고 만족합니다👍👍 함께 주신 브러쉬로 이쁘게 뽀용하게 피부에 올려볼게요ㅎㅎ
60,"피치피즈, 핑크아이싱, 핑크마린, 씨쉘 이렇게 네가지 구입했는데, 모두 다 예쁜데 피치피즈 색상은 여쿨인 저에게 다소 아쉽게 뜨는 느낌이어서 다른 색상을 같이 블렌딩해서 쓰고, 하이라이터 두 가지 색상은 모두 은은하게 존재감이 약간 드러날 정도여서 부담스럽지 않게 예뻤어요~ 22일 지그재그에 런칭하는 오로라도 기대되네요."
61,라이브 기다려서 구매했는데 구성품도 가격도 좋네요! 생기있는 복숭아색상 블러셔에 하이라이터와 각각 브러쉬까지 포함되어서 너무 좋습니다. 특히 블러셔가 파우더타입 2컬러+젤리컬러로 되어있는데 유용할것같아요. 조금 아쉽다면 젤리컬러 면적이 좀더 작고 파우더컬러 면적이 넓었으면 좋았을것같습니다. 젤리컬러는 남고 파우더컬러는 금방 쓸것같아요.
62,"여러 체험단 후기들이 좋고 윈터 사진이 너무 예뻐서 홀린듯이 구매하게 됐습니다. 잘 깨지지않고 와서 다행이지만 완충재가 조금 허술하다는 느낌을 받았어요!

사용해본 후기는 색도 예쁘고 너무 좋아요.. 특히
하이라이터 광이 너무 제 스타일🥹 앞으로 잘 쓰겠습니당"
63,"쿨톤에 쨍한거 정말 안어울리는편 하지만 피치피즈가 아른거려서 냅다 결제! 받아보니 파우더타입에 핑크빛도는 피치부분이 많아서 너무 귤러셔 느낌은 아님! 발색도 적당해서 쿨톤도 코랄피치느낌내고싶다면 사볼만함! 젤리타임 여릿해서 너모 이쁨!!
하이라이터 말모! 영롱 그잡채!! 물먹인듯 뽀용함🫶"
64,하이라이터 진짜 꼭 사세요!!! 입자가 엄청 고와서 정말 예쁜 광 연출하기에 너무 좋고 색상도 노란빛이 강하지 않아서 모든 얼굴톤에 잘 맞을 거 같아요 블러셔도 여름에 바르기 생기 있고 맑은 컬러라 손이 자주 갈 거 같아요 너무 만족해용
65,"젤리를 먼저 올리는건지 파우더 타입을 올리는건지 잘모르겠네염 사용방법 추천 같은게 적혀있으면 좋을것같아요. 젤리도 손으로 올리는건지 ? 잘 모르겠어여! 
하이라이터는 밝고 좋아요 팬브러시내장되어와서 좋습니다"
66,아직 화장을 안 해서 얼굴에 발라본건아니지만 팔목에 발라봤을 때는 너무 예뻐요ㅠ ㅠ...갤럭시 사용자며 프로로 색을 잡긴했는데 주변이 너무 어두워서 잘 보일지 모르겠어요ㅜㅜ 제 피부는 노란피부면서 겨울쿨톤이에요 22호이고요 참고해서 보세요
67,실물이 밝고 더 흰끼 있어요 ~최고…코덕이라 유명한 핑크 하라 웬만한거 많이 가지고 있지만 반사광이 다르기 때문에 당연 품어야함…펄 잘하는거는 알고 있었는데ㅜㅜ씨쉘도 고민됨 아 그리고 증정 브러쉬 질 좋아요 작고 실용적~ 브러쉬 땜에 하나 더 사고싶음 ㅠㅁㅠ…
68,"와..케이스도 너무 예쁘고, 발색이랑 제형도 너무 마음에 들고...간만에 진짜 에스쁘아에서 블러셔 잘 뽑은게 느껴집니다...강추합니다!!"
69,"아직 안써봤지만 그냥 믿고 구매하는 에스쁘아💜
요즘 하이라이터에 관심이 가서 에스쁘아에서 신상하이라이터 나온다고 해서 후다닥 구매했습니당! 하이라이터만 구매하려했는데 같이 나온 신상 블러셔도 너무 예뻐서 같이 사버렸네용 ㅎㅎ 구매금액별 사은품들도 너무너무 맘에 들어용! 나중에 한달 사용후기때 사용해본 후기를 남기도록 하겠습니다!"
70,"블러셔 색도 둥둥 안뜨고요 무엇보다 쉬머한 글리터가 있는게 너무 좋아요ㅜㅜ 하이라이터 주기전에 슬쩍 깔고 하이라터로 포인트 주면 그야말로 존예탬ㅜ
최근 하이라이터도 대유행인데 용량도 질감도 색도 그냥 미쳤어요ㅜ 개강추🥹"
71,"구입하고 바로 다음날 오후2시에 받았어요
배송 완전 빨리 받았구요
하이라이터 만져보면 완전 부드럽고 촉촉한타입
한번도 느껴보지못한 질감이였어요
얼굴에 바르면 자연스럽게 광연출 가능해여👏👏
블러셔도 은은하게 발색되서 데일리로 완전 굳
여쿨 뮤트이신분 비올레타 추천드려요"
72,하이라이터가 너므옙흐네여 제가 가진 하라중에 제일 자연스럽고 속광같아요 블러셔도 발색이 여리여리한 편이라 둘다 데일리로 완전 잘쓸듯!
73,겨울 쿨톤이지만 봄웜톤까지 가능한 피부톤이라서 이번에 피치컬러 치크랑 씨쉘 하이라이터 구매해봤는데 젤리부분 치크 색감이 진짜 예뻐요 ! 펄이 들어있어서 앞 볼 차오르는 느낌 내기 좋고 하이라이터도 진짜 새틴 광 그 잡채... 더 써보고 조만간 쿨톤 컬러들도 구매할 것 같아요
74,"배송 빨라서 좋아요! 하이라이터 가운데 부분이 살짝 금가긴 했지만 그냥 쓰려고 합니다ㅎㅎ

+) 금간 부분 문질문질 해주니까 체온에 녹았는지 멀쩡하게 붙었습니다! 에스쁘아 최고❤️"
75,"후기에서 블러셔 들려서 오거나 깨져서 온 경우가 많다고 해서 걱정했는데 다행히 그러지는 않았어요!
하이라이터 쉬셀 구매하규 너무 예뻐서 다시 구매하는건데 핑크마린도 기대만큼 너무 예뻐요!"
76,"봄라~여라 걸쳐있고 코랄 잘 안받아서 핑크 계열로샀어요
발색 생각보다 은은한 편이고 블러셔에 들어있는 펄이 세상 예쁩니다 

존존존예 에스쁘아 단종 장인이라 맘에 드는 것들 단종되서 아쉬운 적 많은데 이건 오래팔아주세요.. ㅋㅋ"
77,"피치피즈, 핑크아이싱, 핑크마린, 씨쉘 이렇게 네가지 구입했는데, 모두 다 예쁜데 피치피즈 색상은 여쿨인 저에게 다소 아쉽게 뜨는 느낌이어서 다른 색상을 같이 블렌딩해서 쓰고, 하이라이터 두 가지 색상은 모두 은은하게 존재감이 약간 드러날 정도여서 부담스럽지 않게 예뻤어요~♡"
78,웜톤 추천템으로 구매했는데 핑크마린이랑  핑크아이싱이 눈에 밟혀서  또 구매했어요 어제 밤늦게 주문했는데 배송도 엄청 빠르고 너무 예뻐요 ㅎㅎ
79,"하이라이터는 브러쉬보다 손으로 발랐을 때 광이 더 올라오고
증정 브러쉬로 발랐을 때에는 좀 자연스러워요
그리고 촉촉한 하이라이터..!는 아닙니다

블러셔는 생각보다 발색이 좀 많이 옅은 편이었어요
(증정 브러쉬 기준)
근데 여리여리해서 더운 느낌 없는 건 좋습니다
젤리부분은 자글자글 모래알같은 펄이
햇빛 받으면 예쁠 것 같아요~"
80,"진짜진짜진짜 저 광이 너무 이쁨
윈터님보고 홀려서 구매했는데 차르르한 광이 진짜였음
색감은 팔뚝에서 그리 진하게 발색되지않는데 막상 얼굴에 올렸을 때는 사진보다 잘 발색되고, 블렌딩도 잘 됨🤩"
81,하이라이터는 발림상 발색 너무 좋은데 블러셔가 같이주신 브러쉬랑 바르면 가루날림이 어어어엄청 심해요. 그냥 가루제조기수준.. 그래도 젤리부분 발색은 너무 예뻐서 품고갑니다
82,피부가 봄웜 21-22호 걸치는데 사진이나 라이브 방송에서 피치피즈가 너무 뽀용흰기 낭낭해보여서 발색이 잘 안될까봐 걱정했는데 전햐 걱정할 필요 없었고 발색 잘되네요 저한테는 흰기가 낭낭한 그런 블러셔는 아니어서 오히려 좋아용
83,블러셔보다 하이라이터가 더 좋습니다. 브러쉬로 바르니까 균일하게 발리고 자연스러운 광이예요. 저는 블러셔 막 바르는 거 좋아하는데 젤리블러셔가 바로 옆에 있어서 브러쉬에 조심해서 묻혀야하는 게 불편했습니다. 그거 빼곤 블러셔도 좋아요.
84,"여쿨로 안살수가없는 색상 구성이었습니다…❤️
첨에 하라브러쉬 내장인줄 몰라서 안온줄알았는데 내장이었어요 ㅋㅋㅋ 브러쉬도 부드러워요
하이라이터 용량 많고 마블도 예쁩니당 ~~ 스크런치도 기여움 라방 늦게봐서 끝날즈음에 샀는데 24시간도 안되어서 날아왔ㅇ ㅓ요 짱💛💛"
85,"세트로 구매하였어요. 신상 빨리 써보고 싶어서 세트로 구매했어요. 오늘 여행가기전에 하고 출발했는데, 지속력이 너무 좋고, 색상도 제 마음에 쏙 드네요"
86,"발색이 연하긴 하지만 색감 자체가 너므 이뻐서 안살 수가 없는 제품이네요. 하이라이터도 치크도 너무 좋습니다. 거기다 비건 제품이기까지, 최고에요   많이 파세요ㅠㅠ"
87,비올레타색상 모브한 쿨톤느낌 낭낭하니 차분해서 넘 이쁘구요! 씨쉘 발색 진짜 미침…하이라이터 조절 못하시는 분들도 편하게 쓸 수 있을거같아요. 아주 얇고 고르게 챡 올라갑니당!
88,"제품은 예쁜데 브러쉬 하나 덜 오고 젤리쪽이 저렇게 붕 떠 있네요...
같이 구매한 핑크 아이싱은 들뜨진않고 갈라져있음.. 귀찮아서 교환은 안하겠는데 좀 황당해요"
89,우선 제일 기대했던 하이라이터 발색해보니 광이 너무 이뻐요 정말 만족스럽고 쿨톤에게 찰떡인 핑크빔이 최곱니다! 블러셔도 세종류 모두 잘 쓸 것 같아요!
90,색상이 너무 예쁘게 나와서 이거 사지 않으면 후회할 것 같다고 생각이 들어서 구매했어요ㅠㅠ 진짜 후회 안합니다 .. 색조 맛집을 찾았다요 ..~! 증정품도 너무 귀엽구요ㅠㅠ
91,"겨울 쿨톤이라 모브컬러를 좋아해서
세트로 구매했어요 요즘 펄 블러셔 느낌을 좋아해서
아주잘쓸거같아요!! 사은품도 많이챙겨주셔서 감사합니다 잘쓸게요~!"
92,"이번 블러셔랑 하이라이터 조합 장난 아니네요 마블링된 부분도 예쁘고 입자가 고와서 샥 발려요
블러셔 색 조합도 넘예쁘네요 다른 색상도 구매하고 싶네요!!"
93,패키지도 너무 예쁘구 세트 구성도 너무 귀엽고 좋아요! 웜톤이지만 비올레타 색이 너무 예뻐서 안 살수가 없었읍니다… 덕분에 쿨톤병에 걸려보네여
94,블러셔는 딱 봄에 어울리는 예쁜 색이고 하이라이터... 펄감에 반해서 구입했는데 정말 잘한 거 같아요!! 진짜 고운데 차르르해요!!
95,"봄웜도 사용 가능한 핑크 하이라이터에요!
코부위보다 특히 블러셔 후 볼에 발랐을때 더욱 진가를 발휘하는 하이라이터입니다❤️"
96,"일단배송무엇로켓배송보다개빠름
후기는없었으나협찬후기대략적으로보면서
엄허이건내꺼다해서같이셋투셋투구매함
블러셔발색력은여러번덧발라야색감나올듯
하이라이터도은은해서웜브라이트한테
차알떡그잡채~~무엇보다사은품개개개애이덕"
97,하이라이터도 너무 예쁘고 블러셔도 너무 예뻐요!! 근데 이번 제품 마감 무슨일...다행히  제껀 정상으로 와서 좋았지만 쓰다가 문제 생길까봐 다른 컬러는 구매 안하려구여
98,너무 너무 예쁩니다. 색깔별로 사길 잘한 것 같아요
99,하이라이터 치크 모두 잘왓고 예쁩니다! 이구성에 가격도 괜찮고 증정용 브러쉬들도 좋습니다.
100,핑크계열만 사려다 피치톤두 포기못해 두세트 샀는데요 배송도 빠르고 발색도 정~말 좋아요 사은품으로 주신 브러쉬도 좋네요
101,블러셔 파우더 입자가 부드러워서 발색이 잘 됩니다!! 하이라이터도 너무 영롱해요! 여름뮤트 이신 분들은 이 세트 그대로 구매 하시면 될 거 같습니다!
102,출시되기만을 기다렸다가 구매했는데 완전 만족해요 !! 특히 하이라이터 너무 이쁘더라구요 앞으로 자주 쓸 것 같아요!
103,발림성이 부드럽고 생김새가 아리따웁니다… 윈터가 모델인 이유를 알겠는 에스쁘아 신상! 최고에요 다른 색도 구매하려구여
104,"너무 예쁘게 발색되고 뽀용하게 올라오기보다 자연스럽게 올라오는 생기정도라 너무 예뻐요ㅠㅠ 그런데 생각보다 입자가 크다는점,,!"
105,하이라이터는 펄감이 은은해서 맘에 들고 치크는 생각보다 발색이 진하지 않아서 부담없이 바르기 좋을 것 같아요:)
106,"오자마자 바로 발라봤는데 색 맘에 들어요! 
근데 저도 치크 저렇게 와서 아쉽습니당ㅜ"
107,색깔 고민 엄청 하다가 구매햇는데 너무 ㅇ예버요 블러셔는 젤리 부분 땨문이라도 살 가치가 잇고요 하이라이터는 예쁘다고 입소문타길래 삿는데 역시 좋드라구요
108,"씨쉘보다 더 고운입자여서 자연스러워요
컬러가 너무 예뻐요
블러셔는 매트는 평범하고 젤리는 레이어링힐때 좋아요"
109,"약간 부스러기처럼 와서 속상해요 ㅠ ㅠ 
두세트 사서 별거별거 다 받았습니다"
110,가을웜이라 치크 좀 많이 바르고 하라 쓸어주니 넘나 봄이네요ㅎ 같이주신 메컵브러쉬랑 스크런치도 생각보다 쓸만해여
111,"모브 블러셔 쳐돌이라 비올레타 겟..! 파우더 블러셔 준수하고 젤리타입이 진짜 미쳤네요
씨쉘 하이라이터 진짜 정석 샴페인 베이지... 데일리로 잘쓸듯 해요
핑크마린도 사고싶네요 ㅠㅠ"
112,봄웜톤은 꼭사야하는 셋트에요 ! 같이 온 붓도 부드럽고 색상도 이뻐요 촉촉한 치크도 같이있어서 좋아요
113,블러셔랑 같이 쓰면 속광이 촤르륵....뺨만은 윈터만큼 예쁩니다. 블러셔는 파우더 보다는 젤리 치크 쪽이 더 예뻐요. 씨쉘도 쟁여야되나 고민중입니다 ㅋㅋ
114,"신상 나왔다고 해서 바로 사서 사용해봤어요. 너무 자연스러워서 좋았고, 지속력도 너무 좋네요"
115,윈터 좋아해서..홀린듯 구매했어요 웜톤이라 핑크말고 피치로 구매완료 발림성도 괜찮고 색감도 예쁜 것 같아서 마음에 듭니다
116,기대했었는데 저한테는 살짝 발색이 아쉬웠습니다.. 새 제품인데 가장자리 벌어짐이 좀 심합니다
117,파우치가 이렇기 작을줄이야ㅋㅋㅋ 쿠션하나 들어가면 끝이네요ㅜ 조금만 더 컸으면 넘 좋았을텐데 그래도 본품이 너무 예쁘끄 별5개
118,색감이 맑고 예뻐요. 질감도 폭신하니 좋습니다! 빠르게 배송와서 더 좋네요
119,라이브로 구매해서   가격도 저렴하고  사은품도  좋고 질도  좋긴한데  블러셔   젤리  부분이  접착이  잘 안되  금방  떨어질것  같아요. 그 부분은 보완 하셔야  할 것 같아요.
120,신상인데 출시 전부터 핫해서 라이브할 때 구매했어요 ㅎㅎ 파손 없이 잘 왔고 예쁘네요 잘 쓸게요
121,깨진것없이 잘왓고 하이라이터 너무 예쁩니다!
122,라이브 알림와서 둘러보다가 구성이 좋아서 구매했어요^^ 실용적인 구성품 너무 만족해요♡
123,"하이라이터 예쁘고 블러셔는 젤리쪽이 예쁘네요
근데 2세트 구매했는데 블러셔 브러쉬가 하나만 왔어요... 그리고 한 컬러는 젤리쪽 들뜸있네요...."
124,"발색력좋구 발림성도 뭉치지
않고 좋네여 같이 보내준 브러쉬로 사용하니
찰떡입니다 머리끈도 예뻐요"
125,배송 빨라요~ 색깔 너무 예뻐요~ 다른 색깔도 사고 싶어요 ☺️
126,광은 쎄지 않지만 컬러감이 쎄서 발랐을때 티가 나는 ST 광량은 적지만 티가나는 하지만 은근 자연스러운... 근데 이게 어케 9그램이지 🤔
127,하이라이터가 좋다고 해서 구매했는데 전 블러셔랑 블러셔 브러쉬에 빠졌습니다.... 딱 제가 찾던 복숭아색 블러셔예요...🍑 하이라이터는 명성 그대로 물광 차르르 합니당..
128,은은하게 속광올라오면서 예뻐요 구성도 좋고 블러셔도 이뻐요
129,라이브 방송 보고 구매했는데 가격도 괜찮고 제품도 좋아여!! 배송넘넘 빨라서 좋네요ㅜ 다음에도 구매하고 싶어요
130,배송 빠른 건 좋아요 근데 블러셔는 모서리가 박살났어요 교환 귀찮아서 그냥 쓸게요
131,깨져서 왔어요. 귀찮아서 교환안할거에요. 상품 검수 잘 해여할거같아여. 색상은 딸기우유 색상이어서 지금 잘하고 다닐거같아요.
132,"윈터님 인스타게시물보고 너무예뻐서
에스쁘아 신상이 너무궁금해졌어요
윈터픽인 이유가있네용 잘쓸게요!"
133,"에스파 윈터 볼따구가 너무너무 부러웠던 사람 
바로 저예요 블러셔도 너무 예쁘고 하이라이터 광도 미쳤어요...이제 부럽디 않아요 행복"
134,처음에 발색이생각한거보다 진해서 놀랐는데 색이 너무이뻐요!
135,발색이 잘 되어서 좋지만 아무래도 2구로 나눠진 치크의 경우 동봉된 브러쉬가 아니라면 바르기 조금 불편한 크기였어요🥲
136,"하이라이터가 진짜 좋네요
텁텁하지 않은 맑은 투명광 찾으시는 분 
이거 사십쇼"
137,"하이라이터가 너무 화려하게 쉬머링 하지않아서 좋아요
마감이 조금 아쉬운데 제품자체는 맘에 들어요"
138,핑크보단 바이올렛이 좀더 차분하니 이뻐요. 이건 안깨져서 왔네요.
139,색감이 예쁘네요 ㅎㅎ 라이브때 좋은 구성으로 잘 산 거 같아 좋아요
140,어머머 너무 좋아요 신상인데도 ~ 분홍분홍 하고 번들거리지 않고 볼이 탱탱 하게 빛이나네요
141,너무 마음에 듭니다 딱 원하던 색이네요 블러셔랑 하라 모두 예쁩니다
142,요즘 하이라이터 붐이네요 예쁜거 너무 많이 나와... 블러셔에서 젤리 부분이 찐이에요 진짜 예쁨
143,배송빠르고 다 잘왔어요 좋아요오
144,진짜 광 미쳤어요! 요즘 블러셔 위에 광 차르르 메이크업 하고싶었는데 혁명입니다 다들 사세요
145,빠른 배송 감사합니다~ 정말 예쁘네요
146,구성 너무 마음에 들어요 스크런치랑 브러쉬 세트는 조금 조잡해요...
147,"구매할 때 왜 망설인건지
발림성도 좋고 너무 예쁘네요"
148,세가지 구성으로 되어잇어서 표현하고 싶은대로 바르기 좋아요!
149,윈터님 메컵 해보려고 다 사봤어요 브러쉬까지 사은품이라 넘  죠으네용
150,"은은하면서도 수채화처럼 발색이 되어서 브러쉬로도, 스펀지로도 발색이 잘되어 아주 마음에 들어요!"
151,펄들어간 블러셔 안좋아하는데 이건 요철 부각도 안돼고 오히려 볼쪽 피부가 더 좋아보이게 해줘요 :)
152,예뻐요 발색좋고 촤르르합니다
153,블러셔는 뽀용 핑크라 이쁘구 하이라이터는 은은한 핑크빔이라 같이 쓰면 더 이쁠거같아용
154,나오기 전부터 엄청 사고싶었는데 아직 안 써봤어요 ㅠㅠ 좋았으면 좋겠네요
155,세트바리로 삿어요 이뻐용 얼른 싸보고싶어요 ㅎㅎㅎ
156,이뻐요 다행히 안깨지고 무사히 왓습니다 만족
157,배송 엄청 빨랐고 사진 찍고 살짝 뜯어봤는데 너무 이뻐서 한세트 더 쟁이고싶어요ㅠ
158,너무너무 예뻐요...빠른 배송 감사합니다
159,기대했던것만큼 너무 좋아요 ㅋㅋ인생블러셔 당첨ㅋ
160,라이브에서 좋은 가격에 샀어요~ 믿고 쓰는 에스쁘아에요~
161,쿨톤에 어울리는 핑크같아요. 하이라이트는 너무 예쁩니다!
162,발색도 잘되고 볼에 올렸을때 너무 예쁩니다 손이 자주 갈꺼같아요
163,엄청 빠르게 도착했어요 뽀용하니 예뻐요!
164,블러셔 뽀용해서 넘예ㅠㅠ 립은 그 윈터님 립 발랐어요 체리 머시기...
165,"구성도 넘 좋아요. 용량이
많아 오래 쓸것같아요"
166,아직안써봤지만 색감너무취저고 증정브러쉬도미니미한게파우치에넣고다니기좋을꺼같아요
167,아직안써봤지만 색감너무취저고 증정브러쉬도미니미한게파우치에넣고다니기좋을꺼같아요
168,색이 너무 예뻐서 구매했는데 발라도 예쁩니다
169,너무 예뻐요~ 마음에 듭니다
170,"하이라이터 엄청 맑은 핑크빔이에요 개예쁨
치크 젤리 부분이 엄청 예쁩니다 따로 갖고싶을 정도"
171,배송 완전 빠르고 핑크빔도 예쁩니다 맘에 들어요
172,너무이뻐요 ㅠㅠ 사은품 진짜 레알 혜자임
173,비올레타랑 씨쉘도 사버렸어요 너무이뻐요 ㅠ
174,15일 되기만을 기다려서 샀어요^^... 아직 사용 전이지만 예쁠거 같아요
175,라방때 샀는데 브러쉬도 증정으로 오고 색깔도 이쁩니다🥰
176,돟아요 만족합니다 잘쓸께요
177,노란기 많은 쿨톤인제 쿨톤이라도 너무 뿌어면 뜨는데 딱 정당한거 같음
178,윈터 손민수에 진심이라 일단 사고봤는데 뭐임 개이쁨
